<?xml version="1.0" encoding="UTF-8" standalone="yes"?>
<addon id="repository.BudTerMovies" name="BudTerMovies" version="1.0" provider-name="BudTerMovies">
	<extension point="xbmc.addon.repository" name="BudTerMovies Addon Repository">
		<info compressed="false">http://github.com/bosanci/BudTerMovies/raw/master/addons.xml</info>
		<checksum>http://github.com/bosanci/BudTerMovies/raw/master/addons.xml.md5</checksum>
		<datadir zip="true">http://github.com/bosanci/BudTerMovies/raw/master/zips</datadir>
	</extension>
	<extension point="xbmc.addon.metadata">
		<summary>Install MY Addons</summary>
		<description>Download and install addons from HELLO.......For OFFICIAL !! Support Visit XBMCHUB.COM</description>
		<platform>all</platform>
	</extension>
</addon>

